Law,Article,Subject,Behavior,Consequence
Law of the People's Republic of China on Public Security Administration Penalties,Article 41(2),Citizens,"Repeatedly harassing, forcibly begging, or disturbing others",Detention up to 5 days or warning
,Article 42(5),Citizens,"Repeatedly sending obscene, insulting, threatening or other messages that interfere with normal life","Detention up to 5 days or fine up to 500 yuan; for serious cases, detention for 5-10 days with possible fine up to 500 yuan"
,Article 42(6),Citizens,"Peeping, secretly photographing, eavesdropping, or spreading others' privacy","Detention up to 5 days or fine up to 500 yuan; for serious cases, detention for 5-10 days with possible fine up to 500 yuan"
,Article 45(2),Citizens,Abandoning dependents who cannot live independently,Detention up to 5 days or warning
,Article 48,Citizens,"Impersonating, concealing, destroying, privately opening or illegally inspecting others' mail",Detention up to 5 days or fine up to 500 yuan
,Article 56(1),Hotel Staff,"Failing to register guests' names, ID types and numbers according to regulations",Fine of 200-500 yuan
,Article 57(1),Housing Lessors,"Renting housing to persons without ID or failing to register tenants' names, ID types and numbers",Fine of 200-500 yuan
,Article 58,Citizens,"Violating noise pollution prevention laws, creating noise disturbing others' normal life","Warning; if not corrected after warning, fine of 200-500 yuan"
,Article 64(1),Citizens,Taking others' motor vehicles without permission,"Fine of 500-1000 yuan; for serious cases, detention for 10-15 days and fine of 500-1000 yuan"
,Article 75(1),Animal Keepers,Keeping animals that disturb others' normal life,"Warning; if not corrected or allowing animals to frighten others, fine of 200-500 yuan"
,Article 23(2),Citizens,"Disturbing order at stations, ports, airports, shopping malls, parks, exhibition halls or other public places","Warning or fine up to 200 yuan; for serious cases, detention for 5-10 days with possible fine up to 500 yuan"
,Article 23(3),Citizens,"Disturbing order on buses, trams, trains, ships, aircraft or other public transportation","Warning or fine up to 200 yuan; for serious cases, detention for 5-10 days with possible fine up to 500 yuan"
,Article 24(5),Citizens,Throwing objects into venues and ignoring stop orders,"Warning or fine up to 200 yuan; for serious cases, detention for 5-10 days with possible fine up to 500 yuan"
,Article 26(2),Citizens,Chasing or intercepting others,"Detention for 5-10 days with possible fine up to 500 yuan; for serious cases, detention for 10-15 days with possible fine up to 1000 yuan"
,Article 26(3),Citizens,Forcibly taking or arbitrarily damaging/occupying public or private property,"Detention for 5-10 days with possible fine up to 500 yuan; for serious cases, detention for 10-15 days with possible fine up to 1000 yuan"
,Article 36,Citizens,Unauthorized entry into railway protective nets or walking/sitting/lying on railway tracks when trains approach,Warning or fine up to 200 yuan
,Article 37(2),Construction Units or Individuals,"Not providing covers, barriers or warning signs for ditches/wells/pits in vehicle or pedestrian areas, or intentionally damaging/moving such protection","Detention up to 5 days or fine up to 500 yuan; for serious cases, detention for 5-10 days with possible fine up to 500 yuan"
,Article 42(2),Citizens,Publicly insulting others or fabricating facts to defame others,"Detention up to 5 days or fine up to 500 yuan; for serious cases, detention for 5-10 days with possible fine up to 500 yuan"
,Article 43(1),Citizens,Beating others or intentionally causing bodily harm,"Detention for 5-10 days and fine of 200-500 yuan; for minor cases, detention up to 5 days or fine up to 500 yuan"
,Article 46,Citizens,"Forcing others to buy or sell goods, provide services or accept services","Detention for 5-10 days and fine of 200-500 yuan; for minor cases, detention up to 5 days or fine up to 500 yuan"
,Article 49,Citizens,"Theft, fraud, looting, robbery, extortion or intentional damage to public or private property","Detention for 5-10 days with possible fine up to 500 yuan; for serious cases, detention for 10-15 days with possible fine up to 1000 yuan"
,Article 50(1),Citizens,Refusing to execute government decisions or orders issued under emergency situations,"Warning or fine up to 200 yuan; for serious cases, detention for 5-10 days with possible fine up to 500 yuan"
,Article 50(2),Citizens,Obstructing state functionaries in performing their duties,"Warning or fine up to 200 yuan; for serious cases, detention for 5-10 days with possible fine up to 500 yuan"
,Article 50(3),Citizens,"Obstructing emergency vehicles like fire trucks, ambulances, engineering emergency vehicles, police cars","Warning or fine up to 200 yuan; for serious cases, detention for 5-10 days with possible fine up to 500 yuan"
,Article 51(1),Citizens,Impersonating state functionaries or using other false identities to deceive,"Detention for 5-10 days with possible fine up to 500 yuan; for minor cases, detention up to 5 days or fine up to 500 yuan"
,Article 63(1),Citizens,"Carving, defacing or intentionally damaging state-protected cultural relics or historic sites","Warning or fine up to 200 yuan; for serious cases, detention for 5-10 days and fine of 200-500 yuan"
,Article 70,Citizens,"Providing conditions for gambling for profit, or participating in gambling with significant stakes","Detention up to 5 days or fine up to 500 yuan; for serious cases, detention for 10-15 days and fine of 500-3000 yuan"
,Article 74,Industry Staff,"Staff of hotels, catering, entertainment, taxi services tipping off offenders during police investigation of drug use, gambling, prostitution",Detention for 10-15 days
,Article 15(2),Intoxicated Persons,"Intoxicated person posing danger to self or threat to others' personal safety, property or public safety",Protective restraint until sobered up
,Article 23(1),Citizens,"Disturbing order of government agencies, organizations, enterprises, causing work, production, business, medical care, teaching, research unable to proceed normally","Warning or fine up to 200 yuan; for serious cases, detention for 5-10 days with possible fine up to 500 yuan"
,Article 23(4),Citizens,"Illegally intercepting or forcibly boarding/hitching rides on motor vehicles, ships, aircraft or other transport vehicles","Warning or fine up to 200 yuan; for serious cases, detention for 5-10 days with possible fine up to 500 yuan"
,Article 24(1),Citizens,"Forcibly entering venues and disturbing order at cultural, sports and other mass events","Warning or fine up to 200 yuan; for serious cases, detention for 5-10 days with possible fine up to 500 yuan"
,Article 24(2),Citizens,"Setting off fireworks or other items in venues against regulations, disturbing order at cultural, sports and other mass events","Warning or fine up to 200 yuan; for serious cases, detention for 5-10 days with possible fine up to 500 yuan"
,Article 24(3),Citizens,"Displaying insulting banners, slogans or other items, disturbing order at cultural, sports and other mass events","Warning or fine up to 200 yuan; for serious cases, detention for 5-10 days with possible fine up to 500 yuan"
,Article 24(4),Citizens,"Surrounding and attacking referees, athletes or other staff, disturbing order at cultural, sports and other mass events","Warning or fine up to 200 yuan; for serious cases, detention for 5-10 days with possible fine up to 500 yuan"
,Article 25(1),Citizens,"Spreading rumors, falsely reporting dangers, epidemics, police situations or using other methods to intentionally disturb public order","Detention for 5-10 days with possible fine up to 500 yuan; for minor cases, detention up to 5 days or fine up to 500 yuan"
,Article 37(1),Citizens,"Installing or using electric nets without approval, or installing/using electric nets not complying with safety regulations","Detention up to 5 days or fine up to 500 yuan; for serious cases, detention for 5-10 days with possible fine up to 500 yuan"
,Article 37(3),Citizens,"Stealing, damaging road manhole covers, lighting and other public facilities","Detention up to 5 days or fine up to 500 yuan; for serious cases, detention for 5-10 days with possible fine up to 500 yuan"
,Article 39,Venue Management Staff,"Management staff of hotels, restaurants, theaters, entertainment venues, sports venues, exhibition halls or other public venues refusing to correct safety violations after police orders",Detention up to 5 days
,Article 42(3),Citizens,"Fabricating facts to falsely accuse others, attempting to subject others to criminal prosecution or security administration penalties","Detention up to 5 days or fine up to 500 yuan; for serious cases, detention for 5-10 days with possible fine up to 500 yuan"
,Article 42(4),Citizens,"Threatening, insulting, beating or retaliating against witnesses or their close relatives","Detention up to 5 days or fine up to 500 yuan; for serious cases, detention for 5-10 days with possible fine up to 500 yuan"
,Article 56(2),Hotel Staff,Hotel staff knowing guests are criminal suspects or wanted by police and failing to report to police,"Fine of 200-500 yuan; for serious cases, detention up to 5 days with possible fine up to 500 yuan"
German Administrative Offences Act (OWiG),§121.(1).2,Responsible Person,"As supervisor, failing to take necessary precautions for animal supervision",Fine
,§111.(1),Offender over fourteen years,"Making false statements about first name, family name or birth name to competent authority",Fine up to 1000 euros
,§122.(1),Offender,Intentionally or negligently becoming intoxicated and committing an offense punishable by fine in this state,Fine corresponding to the offense committed while intoxicated
,§117.(1),Offender,Creating noise without justifiable cause that is likely to disturb the general public,Fine up to 5000 euros
,§118.(1),Offender,Performing a grossly improper act that impairs public order,Fine
,§116.(1),Offender,Publicly calling for commission of an administrative offense in an assembly or through distribution of content,Maximum fine for the called-for offense
,§119.(1).1,Offender,Behaving in public in a way likely to harass others,Fine up to 1000 euros
,§119.(1).2,Offender,Distributing or making publicly accessible content in a grossly offensive manner,Fine up to 10000 euros
,§124.(1).2,Offender,Unauthorized use of service flag of federation or state,Fine
,§126.(1).1,Offender,Unauthorized wearing of professional dress or badge for healthcare or welfare work,Fine
,§126.(1).2,Offender,Unauthorized wearing of professional dress or badge of religious association,Fine
,§127.(1).1,Offender,"Manufacturing plates, molds, printing blocks for producing money without written permission",Fine up to 10000 euros
,§113.(1),Offender,Joining or not leaving a public gathering after three lawful orders to disperse,Fine up to 1000 euros
,§114.(1),Offender,Intentionally or negligently entering military facility or installation contrary to prohibition,Fine
,§115.(1).1,Offender,Transmitting items or messages to or from a prisoner,Fine
,§128.(1).1,Offender,Producing or distributing printed materials that could be confused with currency,Fine up to 10000 euros
,§121.(1).1,Offender,Allowing dangerous wild animal or vicious animal to roam freely,Fine
,§57.(1),Official,Exercising authority under §56 for administrative authority in field service without identification,Fine
,§112.(1),Offender,Violating orders,Fine up to 5000 euros
,§110.(1),Offender,Compensation obligation for financial damage caused by prosecution measure in administrative offense proceedings,Fine corresponding to damage
German Criminal Code (StGB),§142.(1),Offender as Accident Participant,Leaving accident scene without enabling necessary determinations,Imprisonment up to 3 years or fine
,§145.(1),Offender,Misusing emergency calls or signals,Imprisonment up to 1 year or fine
,§123.(1),Offender,Unlawfully entering another's dwelling,Imprisonment up to 1 year or fine
,§303.(1),Offender,Damaging or destroying property of another,Imprisonment up to 2 years or fine
,§229.,Offender,Negligently causing bodily injury to another person,Imprisonment up to 3 years or fine
,§123.(1),Offender,Unlawfully entering another's dwelling or business premises,Imprisonment up to 1 year or fine
,§107.(1),Offender,Disturbing election through violence or threats,Imprisonment up to 5 years or fine
,§107a.(1),Offender,Voting without authorization or producing incorrect result,Imprisonment up to 5 years or fine
,§107b.(1).1,Offender,Obtaining registration in voter list through false statements,Imprisonment up to 6 months or fine
,§120.(1),Offender,"Freeing prisoner, inducing or assisting escape",Imprisonment up to 3 years or fine
,§127.(1),Offender,Operating internet trading platform aimed at enabling or promoting illegal acts,Imprisonment up to 5 years or fine
French Public Security Law,L211-1,Any person,Organizing parades and gatherings without prior declaration,Application of penalties prescribed by law
,L232-5,Transport Company,Transmitting unusable data due to non-compliance with format or obviously false data,"Fine up to 50,000 euros per journey"
,L224-1,Any French citizen,Leaving or attempting to leave territory in violation of travel ban,"3 years imprisonment and 45,000 euro fine"
,L227-2,Any person,Violating closure order of a place of worship,"6 months imprisonment and 7,500 euro fine"
,L214-4,Agents,Refusing to respond to requests from judicial police officers,Opposition to professional secrecy obligation
,L233-1,Police and Gendarmerie Services,Implementing control devices without justification,Cancellation of controls performed
,L320-7,"Minors, even emancipated",Participating in gambling and games of chance,Prohibition
,L320-8,Game Operators,Selling or offering free games of chance to minors,Prohibition
,L320-11,Game Operators,Failing to inform players of risks related to excessive gambling,Administrative sanction
,L320-12,Game Operators,Advertising in publications intended for minors,Prohibition
,L320-17,Any person,Lending money to players or setting up systems allowing players to lend to each other,"Fine of 100,000 euros"
,L322-4,Organizers,Organizing lotteries with stakes higher than 20 euros,Fine
,L511-4,Municipal Police Officers,Not wearing professional card and uniform during service,Disciplinary sanctions
,L511-7,Appointed Agents,Exercising without integration training,Suspension of duties
,L521-1,Rural Guards,Drawing up reports without being sworn in,Nullity of acts
,L612-2,Security Companies,Carrying out activities not related to surveillance,Withdrawal of authorization
,L612-4,Security Agents,Interfering in labor disputes,Disciplinary sanctions
,L612-5,Companies,Operating without professional liability insurance,Administrative closure
,L614-3,Building Security Agents,Not wearing uniform and professional card while on duty,Warning and administrative sanctions
,L612-20,Foreign Nationals in Security,Working without residence permit and work authorization,Withdrawal of professional card
,L617-6,Private Security Company,Claiming status of former civil servant or military personnel,"Fine of 3,750 euros"
,L622-3,Private Investigation Agencies,Using name causing confusion with public service,"Fine of 3,750 euros"
,L617-8,Private Security Company,Employing person without professional card,"Fine of 30,000 euros"
,L724-3,Civil Security Reserves,Serving without corresponding capabilities and skills for missions,Prohibition from participating in missions
,L724-4,Engaged Persons,Exceeding fifteen working days per calendar year in reserve,Administrative sanction
,L724-7,Employee,Not obtaining employer's agreement to serve in reserve,Refusal of participation
,L724-14,Citizen Reserves,Conducting awareness actions without authorization,Suspension of activities
